{"cameraMode":{"drawMode":0,"name":"Shaded","section":"Shading Mode"},"sceneLighting":true,"audioPlay":false,"sceneViewState":{"m_AlwaysRefresh":false,"showFog":true,"showSkybox":true,"showFlares":true,"showImageEffects":true,"showParticleSystems":true,"showVisualEffectGraphs":true,"m_FxEnabled":true},"in2DMode":false,"pivot":{"x":-20.99319076538086,"y":4.0989813804626469,"z":-1.8207430839538575},"rotation":{"x":0.021260954439640046,"y":0.7298998832702637,"z":0.022816594690084459,"w":-0.6829004287719727},"size":12.646772384643555,"orthographic":false}